﻿Date,# of all sold books,# of sold but returned books,# of books sold with discount,# of books sold to males,# of books sold to females,book genre,seller,
9/1/20,48,1,18,46,2,Fantasy,Jane,
9/1/20,75,4,11,44,31,Adventure,George,
9/1/20,75,2,11,32,43,Adventure,George,
9/1/20,45,2,0,18,27,Mystery,George,
9/2/20,62,1,7,32,30,Adventure,Jane,
9/2/20,73,0,24,1,72,Romance,Jane,
9/2/20,93,0,24,40,53,Thriller,Jane,
9/2/20,36,0,7,19,17,Mystery,George,
9/2/20,11,1,2,7,4,Thriller,George,
9/3/20,57,1,11,18,39,Mystery,George,
9/3/20,67,3,1,42,25,Mystery,George,
9/3/20,32,0,8,18,14,Mystery,George,
9/4/20,45,1,11,24,21,Adventure,Jane,
9/4/20,88,2,33,48,40,Mystery,Jane,
9/4/20,69,2,6,29,40,Adventure,George,
9/4/20,77,1,1,68,9,Fantasy,George,
9/5/20,108,2,14,30,78,Romance,Jane,
9/5/20,48,1,4,24,24,Adventure,George,
9/5/20,40,1,6,31,9,Adventure,George,
9/5/20,52,1,5,22,30,Adventure,George,
9/5/20,69,1,15,60,9,Fantasy,George,
9/5/20,65,1,7,51,14,Fantasy,George,
9/8/20,76,2,20,40,36,Mystery,Jane,
9/8/20,54,3,14,31,23,Adventure,George,
9/8/20,66,1,13,53,13,Fantasy,George,
9/8/20,56,1,11,53,3,Fantasy,George,
9/8/20,72,2,1,58,14,Fantasy,George,
9/9/20,90,2,31,72,18,Adventure,Jane,
9/9/20,45,0,18,40,5,Fantasy,Jane,
9/9/20,63,1,17,49,14,Fantasy,George,
9/10/20,41,1,11,20,21,Adventure,George,
9/10/20,41,0,5,30,11,Fantasy,George,
9/10/20,71,2,3,45,26,Fantasy,George,
9/11/20,70,3,14,25,45,Adventure,George,
9/12/20,49,1,8,28,21,Adventure,Jane,
9/12/20,55,0,2,44,11,Adventure,Jane,
9/12/20,40,1,15,22,18,Fantasy,Jane,
9/12/20,29,1,9,15,14,Thriller,Jane,
9/12/20,40,0,9,28,12,Adventure,George,
9/12/20,67,1,5,45,22,Fantasy,George,
9/12/20,32,2,13,11,21,Mystery,George,
9/15/20,53,1,20,51,2,Fantasy,Jane,
9/15/20,66,0,24,24,42,Adventure,George,
9/16/20,38,1,12,28,10,Thriller,Jane,
9/16/20,40,0,6,12,28,Adventure,George,
9/16/20,64,0,1,44,20,Fantasy,George,
9/16/20,53,2,7,46,7,Fantasy,George,
9/16/20,62,0,11,43,19,Fantasy,George,
9/16/20,22,1,2,17,5,Thriller,George,
9/17/20,46,0,6,17,29,Adventure,Jane,
9/17/20,28,1,2,27,1,Fantasy,Jane,
9/17/20,28,0,3,11,17,Thriller,Jane,
9/17/20,26,1,9,17,9,Thriller,Jane,
9/17/20,16,0,6,9,7,Thriller,Jane,
9/19/20,66,1,24,23,43,Adventure,Jane,
9/19/20,36,0,5,19,17,Fantasy,Jane,
9/19/20,36,0,3,24,12,Fantasy,Jane,
9/19/20,96,0,23,34,62,Romance,Jane,
9/19/20,48,1,11,37,11,Thriller,Jane,
9/19/20,36,2,14,10,26,Mystery,George,
9/22/20,11,0,0,6,5,Thriller,Jane,
9/22/20,70,2,8,31,39,Adventure,George,
9/22/20,72,4,9,55,17,Fantasy,George,
9/22/20,63,1,19,30,33,Mystery,George,
9/23/20,85,2,1,27,58,Romance,Jane,
9/23/20,22,0,7,17,5,Thriller,Jane,
9/24/20,79,1,9,43,36,Adventure,Jane,
9/24/20,27,1,10,14,13,Fantasy,Jane,
9/24/20,100,1,27,3,97,Romance,Jane,
9/24/20,56,2,12,12,44,Romance,George,
9/24/20,26,0,5,10,16,Thriller,George,
9/25/20,54,1,6,12,42,Mystery,George,
9/26/20,43,0,17,25,18,Adventure,Jane,
9/26/20,79,0,2,17,62,Romance,Jane,
9/26/20,95,2,20,10,85,Romance,Jane,
9/26/20,21,0,3,11,10,Thriller,Jane,
9/26/20,44,1,3,33,11,Thriller,Jane,
9/29/20,90,0,32,70,20,Adventure,Jane,
9/29/20,59,1,1,48,11,Fantasy,Jane,
9/29/20,24,0,0,16,8,Fantasy,Jane,
9/29/20,63,0,0,1,62,Romance,Jane,
9/29/20,81,1,16,23,58,Romance,Jane,
9/29/20,53,2,6,16,37,Romance,George,
9/30/20,43,1,11,15,28,Adventure,George,