﻿Date,# of all sold books,# of sold but returned books,# of books sold with discount,# of books sold to males,# of books sold to females,book genre,seller
6/1/20,79,2,12,40,39,Adventure,George
6/1/20,93,2,20,47,46,Adventure,George
6/1/20,77,4,11,45,32,Fantasy,Jane
6/1/20,48,0,6,31,17,Mystery,George
6/2/20,63,2,21,47,16,Adventure,Jane
6/2/20,40,2,2,17,23,Mystery,George
6/2/20,22,0,6,1,21,Romance,Jane
6/2/20,41,0,9,30,11,Thriller,George
6/2/20,15,0,1,9,6,Thriller,Jane
6/3/20,43,0,17,18,25,Mystery,George
6/3/20,49,2,7,17,32,Mystery,George
6/3/20,43,2,2,20,23,Mystery,George
6/4/20,40,2,4,19,21,Adventure,Jane
6/4/20,42,2,3,18,24,Adventure,George
6/4/20,65,2,12,62,3,Fantasy,George
6/4/20,30,0,7,17,13,Mystery,Jane
6/5/20,87,4,28,64,23,Adventure,George
6/5/20,61,2,4,48,13,Adventure,George
6/5/20,72,2,22,53,19,Adventure,George
6/5/20,40,0,12,39,1,Fantasy,George
6/5/20,44,0,12,37,7,Fantasy,George
6/5/20,54,3,15,9,45,Romance,Jane
6/8/20,44,0,11,26,18,Adventure,George
6/8/20,59,3,1,57,2,Fantasy,George
6/8/20,43,0,3,22,21,Fantasy,George
6/8/20,66,2,17,36,30,Fantasy,George
6/8/20,49,1,5,17,32,Mystery,Jane
6/9/20,55,1,20,37,18,Adventure,Jane
6/9/20,48,0,10,35,13,Fantasy,Jane
6/9/20,45,2,4,28,17,Fantasy,George
6/10/20,60,1,24,36,24,Adventure,George
6/10/20,79,0,29,67,12,Fantasy,George
6/10/20,63,0,20,41,22,Fantasy,George
6/11/20,60,1,19,45,15,Adventure,George
6/12/20,89,2,28,46,43,Adventure,Jane
6/12/20,49,1,2,34,15,Adventure,George
6/12/20,66,1,22,28,38,Adventure,Jane
6/12/20,68,1,12,65,3,Fantasy,George
6/12/20,74,3,13,45,29,Fantasy,Jane
6/12/20,59,2,0,27,32,Mystery,George
6/12/20,18,1,4,12,6,Thriller,Jane
6/15/20,69,1,7,43,26,Adventure,George
6/15/20,73,0,4,67,6,Fantasy,Jane
6/16/20,57,0,9,26,31,Adventure,George
6/16/20,70,1,15,42,28,Fantasy,George
6/16/20,75,1,23,60,15,Fantasy,George
6/16/20,72,2,24,60,12,Fantasy,George
6/16/20,35,0,10,28,7,Thriller,George
6/16/20,22,1,0,12,10,Thriller,Jane
6/17/20,90,2,0,42,48,Adventure,Jane
6/17/20,59,2,24,35,24,Fantasy,Jane
6/17/20,38,2,11,23,15,Thriller,Jane
6/17/20,19,1,2,8,11,Thriller,Jane
6/17/20,28,0,2,21,7,Thriller,Jane
6/19/20,81,0,6,40,41,Adventure,Jane
6/19/20,77,2,5,47,30,Fantasy,Jane
6/19/20,70,2,0,56,14,Fantasy,Jane
6/19/20,70,0,22,32,38,Mystery,George
6/19/20,53,2,12,9,44,Romance,Jane
6/19/20,14,0,3,3,11,Thriller,Jane
6/22/20,51,2,5,17,34,Adventure,George
6/22/20,49,0,8,33,16,Fantasy,George
6/22/20,37,0,5,25,12,Mystery,George
6/22/20,46,0,2,13,33,Thriller,Jane
6/23/20,31,0,7,9,22,Romance,Jane
6/23/20,21,1,0,11,10,Thriller,Jane
6/24/20,62,2,7,31,31,Adventure,Jane
6/24/20,58,2,5,31,27,Fantasy,Jane
6/24/20,59,1,1,12,47,Romance,Jane
6/24/20,35,0,3,5,30,Romance,George
6/24/20,19,0,5,11,8,Thriller,George
6/25/20,43,0,15,21,22,Mystery,George
6/26/20,89,0,19,36,53,Adventure,Jane
6/26/20,56,2,22,17,39,Romance,Jane
6/26/20,46,0,0,4,42,Romance,Jane
6/26/20,37,1,8,24,13,Thriller,Jane
6/26/20,43,1,14,30,13,Thriller,Jane
6/29/20,44,2,1,19,25,Adventure,Jane
6/29/20,46,0,7,44,2,Fantasy,Jane
6/29/20,76,4,2,74,2,Fantasy,Jane
6/29/20,32,1,4,3,29,Romance,Jane
6/29/20,55,1,0,15,40,Romance,Jane
6/29/20,35,1,7,0,35,Romance,George
6/30/20,49,0,5,35,14,Adventure,George
,,,,,,,
,,,,,,,
,,,,,,,
,,,,,,,
,,,,,,,
,,,,,,,
,,,,,,,
,,,,,,,
,,,,,,,
,,,,,,,
,,,,,,,
,,,,,,,
,,,,,,,
,,,,,,,
,,,,,,,
,,,,,,,
,,,,,,,
,,,,,,,
,,,,,,,
,,,,,,,
,,,,,,,
,,,,,,,
,,,,,,,
,,,,,,,
,,,,,,,
,,,,,,,
,,,,,,,
,,,,,,,
,,,,,,,
,,,,,,,
,,,,,,,